"REGION","CLIMATE","STATE","TOTAL_HOUSEHOLDS","HEATING_EQUIPMENT_TYPE","NUM_HOUSEHOLDS","PERCENTAGE"
"SOUTH","MIXED-HUMID","ALABAMA",1900406,"DO NOT USE HEATER",20602,1.1
"SOUTH","MIXED-HUMID","ALABAMA",1900406,"STEAM OR HOT WATER SYSTEM WITH RADIATORS OR PIPES",0,0
"SOUTH","MIXED-HUMID","ALABAMA",1900406,"CENTRAL FURNACE",848387,44.6
"SOUTH","MIXED-HUMID","ALABAMA",1900406,"CENTRAL HEAT PUMP",737754,38.8
"SOUTH","MIXED-HUMID","ALABAMA",1900406,"BUILT-IN ELECTRIC UNITS IN WALLS/CEILINGS/BASEBOARDS/FLOORS",53781,2.8
"SOUTH","MIXED-HUMID","ALABAMA",1900406,"BUILT-IN ROOM HEATER BURNING GAS OR OIL",64631,3.4
"SOUTH","MIXED-HUMID","ALABAMA",1900406,"WOOD OR PELLET STOVE",22488,1.2
"SOUTH","MIXED-HUMID","ALABAMA",1900406,"PORTABLE ELECTRIC HEATER",108679,5.7
"SOUTH","MIXED-HUMID","ALABAMA",1900406,"MINISPLIT",8088,0.4
"SOUTH","MIXED-HUMID","ALABAMA",1900406,"OTHER",35997,1.9
"WEST","VERY-COLD","ALASKA",257193,"DO NOT USE HEATER",2658,1
"WEST","VERY-COLD","ALASKA",257193,"STEAM OR HOT WATER SYSTEM WITH RADIATORS OR PIPES",93439,36.3
"WEST","VERY-COLD","ALASKA",257193,"CENTRAL FURNACE",94397,36.7
"WEST","VERY-COLD","ALASKA",257193,"CENTRAL HEAT PUMP",525,0.2
"WEST","VERY-COLD","ALASKA",257193,"BUILT-IN ELECTRIC UNITS IN WALLS/CEILINGS/BASEBOARDS/FLOORS",22237,8.7
"WEST","VERY-COLD","ALASKA",257193,"BUILT-IN ROOM HEATER BURNING GAS OR OIL",30781,12
"WEST","VERY-COLD","ALASKA",257193,"WOOD OR PELLET STOVE",10559,4.1
"WEST","VERY-COLD","ALASKA",257193,"PORTABLE ELECTRIC HEATER",1058,0.4
"WEST","VERY-COLD","ALASKA",257193,"MINISPLIT",0,0
"WEST","VERY-COLD","ALASKA",257193,"OTHER",1539,0.6
"WEST","HOT-DRY","ARIZONA",2675608,"DO NOT USE HEATER",255987,9.6
"WEST","HOT-DRY","ARIZONA",2675608,"STEAM OR HOT WATER SYSTEM WITH RADIATORS OR PIPES",7445,0.3
"WEST","HOT-DRY","ARIZONA",2675608,"CENTRAL FURNACE",1461268,54.6
"WEST","HOT-DRY","ARIZONA",2675608,"CENTRAL HEAT PUMP",670225,25
"WEST","HOT-DRY","ARIZONA",2675608,"BUILT-IN ELECTRIC UNITS IN WALLS/CEILINGS/BASEBOARDS/FLOORS",107475,4
"WEST","HOT-DRY","ARIZONA",2675608,"BUILT-IN ROOM HEATER BURNING GAS OR OIL",30212,1.1
"WEST","HOT-DRY","ARIZONA",2675608,"WOOD OR PELLET STOVE",42317,1.6
"WEST","HOT-DRY","ARIZONA",2675608,"PORTABLE ELECTRIC HEATER",64725,2.4
"WEST","HOT-DRY","ARIZONA",2675608,"MINISPLIT",35955,1.3
"WEST","HOT-DRY","ARIZONA",2675608,"OTHER",0,0
"SOUTH","MIXED-HUMID","ARKANSAS",1143632,"DO NOT USE HEATER",22897,2
"SOUTH","MIXED-HUMID","ARKANSAS",1143632,"STEAM OR HOT WATER SYSTEM WITH RADIATORS OR PIPES",0,0
"SOUTH","MIXED-HUMID","ARKANSAS",1143632,"CENTRAL FURNACE",689228,60.3
"SOUTH","MIXED-HUMID","ARKANSAS",1143632,"CENTRAL HEAT PUMP",216674,19
"SOUTH","MIXED-HUMID","ARKANSAS",1143632,"BUILT-IN ELECTRIC UNITS IN WALLS/CEILINGS/BASEBOARDS/FLOORS",46534,4.1
"SOUTH","MIXED-HUMID","ARKANSAS",1143632,"BUILT-IN ROOM HEATER BURNING GAS OR OIL",35438,3.1
"SOUTH","MIXED-HUMID","ARKANSAS",1143632,"WOOD OR PELLET STOVE",55370,4.8
"SOUTH","MIXED-HUMID","ARKANSAS",1143632,"PORTABLE ELECTRIC HEATER",47007,4.1
"SOUTH","MIXED-HUMID","ARKANSAS",1143632,"MINISPLIT",8083,0.7
"SOUTH","MIXED-HUMID","ARKANSAS",1143632,"OTHER",22401,2
"WEST","HOT-DRY","CALIFORNIA",13180886,"DO NOT USE HEATER",1609631,12.2
"WEST","HOT-DRY","CALIFORNIA",13180886,"STEAM OR HOT WATER SYSTEM WITH RADIATORS OR PIPES",118871,0.9
"WEST","HOT-DRY","CALIFORNIA",13180886,"CENTRAL FURNACE",8201073,62.2
"WEST","HOT-DRY","CALIFORNIA",13180886,"CENTRAL HEAT PUMP",408768,3.1
"WEST","HOT-DRY","CALIFORNIA",13180886,"BUILT-IN ELECTRIC UNITS IN WALLS/CEILINGS/BASEBOARDS/FLOORS",573695,4.3
"WEST","HOT-DRY","CALIFORNIA",13180886,"BUILT-IN ROOM HEATER BURNING GAS OR OIL",1096560,8.3
"WEST","HOT-DRY","CALIFORNIA",13180886,"WOOD OR PELLET STOVE",188301,1.4
"WEST","HOT-DRY","CALIFORNIA",13180886,"PORTABLE ELECTRIC HEATER",822684,6.2
"WEST","HOT-DRY","CALIFORNIA",13180886,"MINISPLIT",140465,1.1
"WEST","HOT-DRY","CALIFORNIA",13180886,"OTHER",20837,0.2
"WEST","COLD","COLORADO",2259861,"DO NOT USE HEATER",20322,0.9
"WEST","COLD","COLORADO",2259861,"STEAM OR HOT WATER SYSTEM WITH RADIATORS OR PIPES",200323,8.9
"WEST","COLD","COLORADO",2259861,"CENTRAL FURNACE",1733969,76.7
"WEST","COLD","COLORADO",2259861,"CENTRAL HEAT PUMP",30309,1.3
"WEST","COLD","COLORADO",2259861,"BUILT-IN ELECTRIC UNITS IN WALLS/CEILINGS/BASEBOARDS/FLOORS",141319,6.2
"WEST","COLD","COLORADO",2259861,"BUILT-IN ROOM HEATER BURNING GAS OR OIL",54146,2.4
"WEST","COLD","COLORADO",2259861,"WOOD OR PELLET STOVE",49859,2.2
"WEST","COLD","COLORADO",2259861,"PORTABLE ELECTRIC HEATER",20475,0.9
"WEST","COLD","COLORADO",2259861,"MINISPLIT",0,0
"WEST","COLD","COLORADO",2259861,"OTHER",9139,0.4
"NORTHEAST","COLD","CONNECTICUT",1381897,"DO NOT USE HEATER",0,0
"NORTHEAST","COLD","CONNECTICUT",1381897,"STEAM OR HOT WATER SYSTEM WITH RADIATORS OR PIPES",319204,23.1
"NORTHEAST","COLD","CONNECTICUT",1381897,"CENTRAL FURNACE",836490,60.5
"NORTHEAST","COLD","CONNECTICUT",1381897,"CENTRAL HEAT PUMP",20057,1.4
"NORTHEAST","COLD","CONNECTICUT",1381897,"BUILT-IN ELECTRIC UNITS IN WALLS/CEILINGS/BASEBOARDS/FLOORS",144393,10.4
"NORTHEAST","COLD","CONNECTICUT",1381897,"BUILT-IN ROOM HEATER BURNING GAS OR OIL",26459,1.9
"NORTHEAST","COLD","CONNECTICUT",1381897,"WOOD OR PELLET STOVE",8293,0.6
"NORTHEAST","COLD","CONNECTICUT",1381897,"PORTABLE ELECTRIC HEATER",9379,0.7
"NORTHEAST","COLD","CONNECTICUT",1381897,"MINISPLIT",3315,0.2
"NORTHEAST","COLD","CONNECTICUT",1381897,"OTHER",14306,1
"SOUTH","MIXED-HUMID","DELAWARE",380454,"DO NOT USE HEATER",2710,0.7
"SOUTH","MIXED-HUMID","DELAWARE",380454,"STEAM OR HOT WATER SYSTEM WITH RADIATORS OR PIPES",18026,4.7
"SOUTH","MIXED-HUMID","DELAWARE",380454,"CENTRAL FURNACE",235912,62
"SOUTH","MIXED-HUMID","DELAWARE",380454,"CENTRAL HEAT PUMP",76174,20
"SOUTH","MIXED-HUMID","DELAWARE",380454,"BUILT-IN ELECTRIC UNITS IN WALLS/CEILINGS/BASEBOARDS/FLOORS",21399,5.6
"SOUTH","MIXED-HUMID","DELAWARE",380454,"BUILT-IN ROOM HEATER BURNING GAS OR OIL",4848,1.3
"SOUTH","MIXED-HUMID","DELAWARE",380454,"WOOD OR PELLET STOVE",3292,0.9
"SOUTH","MIXED-HUMID","DELAWARE",380454,"PORTABLE ELECTRIC HEATER",6397,1.7
"SOUTH","MIXED-HUMID","DELAWARE",380454,"MINISPLIT",6170,1.6
"SOUTH","MIXED-HUMID","DELAWARE",380454,"OTHER",5525,1.4
"SOUTH","MIXED-HUMID","DISTRICT OF COLUMBIA",316453,"DO NOT USE HEATER",6381,2
"SOUTH","MIXED-HUMID","DISTRICT OF COLUMBIA",316453,"STEAM OR HOT WATER SYSTEM WITH RADIATORS OR PIPES",70318,22.2
"SOUTH","MIXED-HUMID","DISTRICT OF COLUMBIA",316453,"CENTRAL FURNACE",147688,46.7
"SOUTH","MIXED-HUMID","DISTRICT OF COLUMBIA",316453,"CENTRAL HEAT PUMP",44780,14.2
"SOUTH","MIXED-HUMID","DISTRICT OF COLUMBIA",316453,"BUILT-IN ELECTRIC UNITS IN WALLS/CEILINGS/BASEBOARDS/FLOORS",34519,10.9
"SOUTH","MIXED-HUMID","DISTRICT OF COLUMBIA",316453,"BUILT-IN ROOM HEATER BURNING GAS OR OIL",4275,1.4
"SOUTH","MIXED-HUMID","DISTRICT OF COLUMBIA",316453,"WOOD OR PELLET STOVE",0,0
"SOUTH","MIXED-HUMID","DISTRICT OF COLUMBIA",316453,"PORTABLE ELECTRIC HEATER",4350,1.4
"SOUTH","MIXED-HUMID","DISTRICT OF COLUMBIA",316453,"MINISPLIT",2700,0.8
"SOUTH","MIXED-HUMID","DISTRICT OF COLUMBIA",316453,"OTHER",1441,0.5
"SOUTH","HOT-HUMID","FLORIDA",8062164,"DO NOT USE HEATER",2262253,28.1
"SOUTH","HOT-HUMID","FLORIDA",8062164,"STEAM OR HOT WATER SYSTEM WITH RADIATORS OR PIPES",0,0
"SOUTH","HOT-HUMID","FLORIDA",8062164,"CENTRAL FURNACE",2649582,32.9
"SOUTH","HOT-HUMID","FLORIDA",8062164,"CENTRAL HEAT PUMP",2527641,31.4
"SOUTH","HOT-HUMID","FLORIDA",8062164,"BUILT-IN ELECTRIC UNITS IN WALLS/CEILINGS/BASEBOARDS/FLOORS",270145,3.4
"SOUTH","HOT-HUMID","FLORIDA",8062164,"BUILT-IN ROOM HEATER BURNING GAS OR OIL",0,0
"SOUTH","HOT-HUMID","FLORIDA",8062164,"WOOD OR PELLET STOVE",0,0
"SOUTH","HOT-HUMID","FLORIDA",8062164,"PORTABLE ELECTRIC HEATER",211464,2.6
"SOUTH","HOT-HUMID","FLORIDA",8062164,"MINISPLIT",85914,1.1
"SOUTH","HOT-HUMID","FLORIDA",8062164,"OTHER",55165,0.7
"SOUTH","MIXED-HUMID","GEORGIA",3881405,"DO NOT USE HEATER",57337,1.5
"SOUTH","MIXED-HUMID","GEORGIA",3881405,"STEAM OR HOT WATER SYSTEM WITH RADIATORS OR PIPES",39076,1
"SOUTH","MIXED-HUMID","GEORGIA",3881405,"CENTRAL FURNACE",2327843,60
"SOUTH","MIXED-HUMID","GEORGIA",3881405,"CENTRAL HEAT PUMP",1029189,26.5
"SOUTH","MIXED-HUMID","GEORGIA",3881405,"BUILT-IN ELECTRIC UNITS IN WALLS/CEILINGS/BASEBOARDS/FLOORS",86379,2.2
"SOUTH","MIXED-HUMID","GEORGIA",3881405,"BUILT-IN ROOM HEATER BURNING GAS OR OIL",93532,2.4
"SOUTH","MIXED-HUMID","GEORGIA",3881405,"WOOD OR PELLET STOVE",60150,1.6
"SOUTH","MIXED-HUMID","GEORGIA",3881405,"PORTABLE ELECTRIC HEATER",107086,2.8
"SOUTH","MIXED-HUMID","GEORGIA",3881405,"MINISPLIT",30462,0.8
"SOUTH","MIXED-HUMID","GEORGIA",3881405,"OTHER",50349,1.3
"WEST","HOT-HUMID","HAWAII",474378,"DO NOT USE HEATER",446946,94.2
"WEST","HOT-HUMID","HAWAII",474378,"STEAM OR HOT WATER SYSTEM WITH RADIATORS OR PIPES",2360,0.5
"WEST","HOT-HUMID","HAWAII",474378,"CENTRAL FURNACE",10618,2.2
"WEST","HOT-HUMID","HAWAII",474378,"CENTRAL HEAT PUMP",986,0.2
"WEST","HOT-HUMID","HAWAII",474378,"BUILT-IN ELECTRIC UNITS IN WALLS/CEILINGS/BASEBOARDS/FLOORS",2375,0.5
"WEST","HOT-HUMID","HAWAII",474378,"BUILT-IN ROOM HEATER BURNING GAS OR OIL",0,0
"WEST","HOT-HUMID","HAWAII",474378,"WOOD OR PELLET STOVE",0,0
"WEST","HOT-HUMID","HAWAII",474378,"PORTABLE ELECTRIC HEATER",6255,1.3
"WEST","HOT-HUMID","HAWAII",474378,"MINISPLIT",0,0
"WEST","HOT-HUMID","HAWAII",474378,"OTHER",4839,1
"WEST","COLD","IDAHO",656511,"DO NOT USE HEATER",0,0
"WEST","COLD","IDAHO",656511,"STEAM OR HOT WATER SYSTEM WITH RADIATORS OR PIPES",6774,1
"WEST","COLD","IDAHO",656511,"CENTRAL FURNACE",485247,73.9
"WEST","COLD","IDAHO",656511,"CENTRAL HEAT PUMP",15964,2.4
"WEST","COLD","IDAHO",656511,"BUILT-IN ELECTRIC UNITS IN WALLS/CEILINGS/BASEBOARDS/FLOORS",70149,10.7
"WEST","COLD","IDAHO",656511,"BUILT-IN ROOM HEATER BURNING GAS OR OIL",9304,1.4
"WEST","COLD","IDAHO",656511,"WOOD OR PELLET STOVE",39125,6
"WEST","COLD","IDAHO",656511,"PORTABLE ELECTRIC HEATER",9286,1.4
"WEST","COLD","IDAHO",656511,"MINISPLIT",2585,0.4
"WEST","COLD","IDAHO",656511,"OTHER",18076,2.8
"MIDWEST","COLD","ILLINOIS",4900521,"DO NOT USE HEATER",42777,0.9
"MIDWEST","COLD","ILLINOIS",4900521,"STEAM OR HOT WATER SYSTEM WITH RADIATORS OR PIPES",554307,11.3
"MIDWEST","COLD","ILLINOIS",4900521,"CENTRAL FURNACE",3736877,76.2
"MIDWEST","COLD","ILLINOIS",4900521,"CENTRAL HEAT PUMP",108582,2.2
"MIDWEST","COLD","ILLINOIS",4900521,"BUILT-IN ELECTRIC UNITS IN WALLS/CEILINGS/BASEBOARDS/FLOORS",321155,6.6
"MIDWEST","COLD","ILLINOIS",4900521,"BUILT-IN ROOM HEATER BURNING GAS OR OIL",68618,1.4
"MIDWEST","COLD","ILLINOIS",4900521,"WOOD OR PELLET STOVE",23343,0.5
"MIDWEST","COLD","ILLINOIS",4900521,"PORTABLE ELECTRIC HEATER",27984,0.6
"MIDWEST","COLD","ILLINOIS",4900521,"MINISPLIT",9232,0.2
"MIDWEST","COLD","ILLINOIS",4900521,"OTHER",7645,0.2
"MIDWEST","MIXED-HUMID","INDIANA",2599597,"DO NOT USE HEATER",10427,0.4
"MIDWEST","MIXED-HUMID","INDIANA",2599597,"STEAM OR HOT WATER SYSTEM WITH RADIATORS OR PIPES",84675,3.3
"MIDWEST","MIXED-HUMID","INDIANA",2599597,"CENTRAL FURNACE",2118799,81.5
"MIDWEST","MIXED-HUMID","INDIANA",2599597,"CENTRAL HEAT PUMP",170105,6.5
"MIDWEST","MIXED-HUMID","INDIANA",2599597,"BUILT-IN ELECTRIC UNITS IN WALLS/CEILINGS/BASEBOARDS/FLOORS",140600,5.4
"MIDWEST","MIXED-HUMID","INDIANA",2599597,"BUILT-IN ROOM HEATER BURNING GAS OR OIL",32773,1.3
"MIDWEST","MIXED-HUMID","INDIANA",2599597,"WOOD OR PELLET STOVE",24801,0.9
"MIDWEST","MIXED-HUMID","INDIANA",2599597,"PORTABLE ELECTRIC HEATER",6365,0.2
"MIDWEST","MIXED-HUMID","INDIANA",2599597,"MINISPLIT",5396,0.2
"MIDWEST","MIXED-HUMID","INDIANA",2599597,"OTHER",5657,0.2
"MIDWEST","COLD","IOWA",1281948,"DO NOT USE HEATER",0,0
"MIDWEST","COLD","IOWA",1281948,"STEAM OR HOT WATER SYSTEM WITH RADIATORS OR PIPES",88352,6.9
"MIDWEST","COLD","IOWA",1281948,"CENTRAL FURNACE",1068911,83.4
"MIDWEST","COLD","IOWA",1281948,"CENTRAL HEAT PUMP",55815,4.3
"MIDWEST","COLD","IOWA",1281948,"BUILT-IN ELECTRIC UNITS IN WALLS/CEILINGS/BASEBOARDS/FLOORS",48214,3.8
"MIDWEST","COLD","IOWA",1281948,"BUILT-IN ROOM HEATER BURNING GAS OR OIL",13637,1.1
"MIDWEST","COLD","IOWA",1281948,"WOOD OR PELLET STOVE",3484,0.3
"MIDWEST","COLD","IOWA",1281948,"PORTABLE ELECTRIC HEATER",0,0
"MIDWEST","COLD","IOWA",1281948,"MINISPLIT",3535,0.3
"MIDWEST","COLD","IOWA",1281948,"OTHER",0,0
"MIDWEST","MIXED-HUMID","KANSAS",1127072,"DO NOT USE HEATER",0,0
"MIDWEST","MIXED-HUMID","KANSAS",1127072,"STEAM OR HOT WATER SYSTEM WITH RADIATORS OR PIPES",5078,0.4
"MIDWEST","MIXED-HUMID","KANSAS",1127072,"CENTRAL FURNACE",974909,86.5
"MIDWEST","MIXED-HUMID","KANSAS",1127072,"CENTRAL HEAT PUMP",67197,6
"MIDWEST","MIXED-HUMID","KANSAS",1127072,"BUILT-IN ELECTRIC UNITS IN WALLS/CEILINGS/BASEBOARDS/FLOORS",24988,2.2
"MIDWEST","MIXED-HUMID","KANSAS",1127072,"BUILT-IN ROOM HEATER BURNING GAS OR OIL",22157,2
"MIDWEST","MIXED-HUMID","KANSAS",1127072,"WOOD OR PELLET STOVE",22526,2
"MIDWEST","MIXED-HUMID","KANSAS",1127072,"PORTABLE ELECTRIC HEATER",0,0
"MIDWEST","MIXED-HUMID","KANSAS",1127072,"MINISPLIT",0,0
"MIDWEST","MIXED-HUMID","KANSAS",1127072,"OTHER",10217,0.9
"SOUTH","MIXED-HUMID","KENTUCKY",1738263,"DO NOT USE HEATER",10032,0.6
"SOUTH","MIXED-HUMID","KENTUCKY",1738263,"STEAM OR HOT WATER SYSTEM WITH RADIATORS OR PIPES",29185,1.7
"SOUTH","MIXED-HUMID","KENTUCKY",1738263,"CENTRAL FURNACE",1138643,65.5
"SOUTH","MIXED-HUMID","KENTUCKY",1738263,"CENTRAL HEAT PUMP",382237,22
"SOUTH","MIXED-HUMID","KENTUCKY",1738263,"BUILT-IN ELECTRIC UNITS IN WALLS/CEILINGS/BASEBOARDS/FLOORS",65518,3.8
"SOUTH","MIXED-HUMID","KENTUCKY",1738263,"BUILT-IN ROOM HEATER BURNING GAS OR OIL",33146,1.9
"SOUTH","MIXED-HUMID","KENTUCKY",1738263,"WOOD OR PELLET STOVE",32823,1.9
"SOUTH","MIXED-HUMID","KENTUCKY",1738263,"PORTABLE ELECTRIC HEATER",19760,1.1
"SOUTH","MIXED-HUMID","KENTUCKY",1738263,"MINISPLIT",15444,0.9
"SOUTH","MIXED-HUMID","KENTUCKY",1738263,"OTHER",11474,0.7
"SOUTH","HOT-HUMID","LOUISIANA",1727226,"DO NOT USE HEATER",51528,3
"SOUTH","HOT-HUMID","LOUISIANA",1727226,"STEAM OR HOT WATER SYSTEM WITH RADIATORS OR PIPES",0,0
"SOUTH","HOT-HUMID","LOUISIANA",1727226,"CENTRAL FURNACE",983985,57
"SOUTH","HOT-HUMID","LOUISIANA",1727226,"CENTRAL HEAT PUMP",355096,20.6
"SOUTH","HOT-HUMID","LOUISIANA",1727226,"BUILT-IN ELECTRIC UNITS IN WALLS/CEILINGS/BASEBOARDS/FLOORS",164284,9.5
"SOUTH","HOT-HUMID","LOUISIANA",1727226,"BUILT-IN ROOM HEATER BURNING GAS OR OIL",35182,2
"SOUTH","HOT-HUMID","LOUISIANA",1727226,"WOOD OR PELLET STOVE",15862,0.9
"SOUTH","HOT-HUMID","LOUISIANA",1727226,"PORTABLE ELECTRIC HEATER",94076,5.4
"SOUTH","HOT-HUMID","LOUISIANA",1727226,"MINISPLIT",9436,0.6
"SOUTH","HOT-HUMID","LOUISIANA",1727226,"OTHER",17776,1
"NORTHEAST","COLD","MAINE",564535,"DO NOT USE HEATER",0,0
"NORTHEAST","COLD","MAINE",564535,"STEAM OR HOT WATER SYSTEM WITH RADIATORS OR PIPES",176556,31.3
"NORTHEAST","COLD","MAINE",564535,"CENTRAL FURNACE",257958,45.7
"NORTHEAST","COLD","MAINE",564535,"CENTRAL HEAT PUMP",2624,0.5
"NORTHEAST","COLD","MAINE",564535,"BUILT-IN ELECTRIC UNITS IN WALLS/CEILINGS/BASEBOARDS/FLOORS",20162,3.6
"NORTHEAST","COLD","MAINE",564535,"BUILT-IN ROOM HEATER BURNING GAS OR OIL",35921,6.4
"NORTHEAST","COLD","MAINE",564535,"WOOD OR PELLET STOVE",41334,7.3
"NORTHEAST","COLD","MAINE",564535,"PORTABLE ELECTRIC HEATER",0,0
"NORTHEAST","COLD","MAINE",564535,"MINISPLIT",22300,4
"NORTHEAST","COLD","MAINE",564535,"OTHER",7679,1.4
"SOUTH","MIXED-HUMID","MARYLAND",2281335,"DO NOT USE HEATER",43185,1.9
"SOUTH","MIXED-HUMID","MARYLAND",2281335,"STEAM OR HOT WATER SYSTEM WITH RADIATORS OR PIPES",160550,7
"SOUTH","MIXED-HUMID","MARYLAND",2281335,"CENTRAL FURNACE",1458402,63.9
"SOUTH","MIXED-HUMID","MARYLAND",2281335,"CENTRAL HEAT PUMP",423887,18.6
"SOUTH","MIXED-HUMID","MARYLAND",2281335,"BUILT-IN ELECTRIC UNITS IN WALLS/CEILINGS/BASEBOARDS/FLOORS",115700,5.1
"SOUTH","MIXED-HUMID","MARYLAND",2281335,"BUILT-IN ROOM HEATER BURNING GAS OR OIL",24315,1.1
"SOUTH","MIXED-HUMID","MARYLAND",2281335,"WOOD OR PELLET STOVE",18330,0.8
"SOUTH","MIXED-HUMID","MARYLAND",2281335,"PORTABLE ELECTRIC HEATER",12105,0.5
"SOUTH","MIXED-HUMID","MARYLAND",2281335,"MINISPLIT",24861,1.1
"SOUTH","MIXED-HUMID","MARYLAND",2281335,"OTHER",0,0
"NORTHEAST","COLD","MASSACHUSETTS",2713778,"DO NOT USE HEATER",10323,0.4
"NORTHEAST","COLD","MASSACHUSETTS",2713778,"STEAM OR HOT WATER SYSTEM WITH RADIATORS OR PIPES",704682,26
"NORTHEAST","COLD","MASSACHUSETTS",2713778,"CENTRAL FURNACE",1493205,55
"NORTHEAST","COLD","MASSACHUSETTS",2713778,"CENTRAL HEAT PUMP",57973,2.1
"NORTHEAST","COLD","MASSACHUSETTS",2713778,"BUILT-IN ELECTRIC UNITS IN WALLS/CEILINGS/BASEBOARDS/FLOORS",269603,9.9
"NORTHEAST","COLD","MASSACHUSETTS",2713778,"BUILT-IN ROOM HEATER BURNING GAS OR OIL",77450,2.9
"NORTHEAST","COLD","MASSACHUSETTS",2713778,"WOOD OR PELLET STOVE",43093,1.6
"NORTHEAST","COLD","MASSACHUSETTS",2713778,"PORTABLE ELECTRIC HEATER",5458,0.2
"NORTHEAST","COLD","MASSACHUSETTS",2713778,"MINISPLIT",43205,1.6
"NORTHEAST","COLD","MASSACHUSETTS",2713778,"OTHER",8787,0.3
"MIDWEST","COLD","MICHIGAN",3918917,"DO NOT USE HEATER",0,0
"MIDWEST","COLD","MICHIGAN",3918917,"STEAM OR HOT WATER SYSTEM WITH RADIATORS OR PIPES",334566,8.5
"MIDWEST","COLD","MICHIGAN",3918917,"CENTRAL FURNACE",3243291,82.8
"MIDWEST","COLD","MICHIGAN",3918917,"CENTRAL HEAT PUMP",73069,1.9
"MIDWEST","COLD","MICHIGAN",3918917,"BUILT-IN ELECTRIC UNITS IN WALLS/CEILINGS/BASEBOARDS/FLOORS",143115,3.6
"MIDWEST","COLD","MICHIGAN",3918917,"BUILT-IN ROOM HEATER BURNING GAS OR OIL",47010,1.2
"MIDWEST","COLD","MICHIGAN",3918917,"WOOD OR PELLET STOVE",67242,1.7
"MIDWEST","COLD","MICHIGAN",3918917,"PORTABLE ELECTRIC HEATER",0,0
"MIDWEST","COLD","MICHIGAN",3918917,"MINISPLIT",0,0
"MIDWEST","COLD","MICHIGAN",3918917,"OTHER",10625,0.3
"MIDWEST","VERY-COLD","MINNESOTA",2229783,"DO NOT USE HEATER",0,0
"MIDWEST","VERY-COLD","MINNESOTA",2229783,"STEAM OR HOT WATER SYSTEM WITH RADIATORS OR PIPES",344636,15.5
"MIDWEST","VERY-COLD","MINNESOTA",2229783,"CENTRAL FURNACE",1620143,72.7
"MIDWEST","VERY-COLD","MINNESOTA",2229783,"CENTRAL HEAT PUMP",43700,2
"MIDWEST","VERY-COLD","MINNESOTA",2229783,"BUILT-IN ELECTRIC UNITS IN WALLS/CEILINGS/BASEBOARDS/FLOORS",137340,6.2
"MIDWEST","VERY-COLD","MINNESOTA",2229783,"BUILT-IN ROOM HEATER BURNING GAS OR OIL",40901,1.8
"MIDWEST","VERY-COLD","MINNESOTA",2229783,"WOOD OR PELLET STOVE",24324,1.1
"MIDWEST","VERY-COLD","MINNESOTA",2229783,"PORTABLE ELECTRIC HEATER",5508,0.2
"MIDWEST","VERY-COLD","MINNESOTA",2229783,"MINISPLIT",0,0
"MIDWEST","VERY-COLD","MINNESOTA",2229783,"OTHER",13232,0.6
"SOUTH","MIXED-HUMID","MISSISSIPPI",1084534,"DO NOT USE HEATER",4746,0.4
"SOUTH","MIXED-HUMID","MISSISSIPPI",1084534,"STEAM OR HOT WATER SYSTEM WITH RADIATORS OR PIPES",5953,0.6
"SOUTH","MIXED-HUMID","MISSISSIPPI",1084534,"CENTRAL FURNACE",583410,53.8
"SOUTH","MIXED-HUMID","MISSISSIPPI",1084534,"CENTRAL HEAT PUMP",308669,28.5
"SOUTH","MIXED-HUMID","MISSISSIPPI",1084534,"BUILT-IN ELECTRIC UNITS IN WALLS/CEILINGS/BASEBOARDS/FLOORS",41955,3.9
"SOUTH","MIXED-HUMID","MISSISSIPPI",1084534,"BUILT-IN ROOM HEATER BURNING GAS OR OIL",61368,5.7
"SOUTH","MIXED-HUMID","MISSISSIPPI",1084534,"WOOD OR PELLET STOVE",8011,0.7
"SOUTH","MIXED-HUMID","MISSISSIPPI",1084534,"PORTABLE ELECTRIC HEATER",41661,3.8
"SOUTH","MIXED-HUMID","MISSISSIPPI",1084534,"MINISPLIT",12080,1.1
"SOUTH","MIXED-HUMID","MISSISSIPPI",1084534,"OTHER",16680,1.5
"MIDWEST","MIXED-HUMID","MISSOURI",2429813,"DO NOT USE HEATER",15343,0.6
"MIDWEST","MIXED-HUMID","MISSOURI",2429813,"STEAM OR HOT WATER SYSTEM WITH RADIATORS OR PIPES",29941,1.2
"MIDWEST","MIXED-HUMID","MISSOURI",2429813,"CENTRAL FURNACE",1838871,75.7
"MIDWEST","MIXED-HUMID","MISSOURI",2429813,"CENTRAL HEAT PUMP",231296,9.5
"MIDWEST","MIXED-HUMID","MISSOURI",2429813,"BUILT-IN ELECTRIC UNITS IN WALLS/CEILINGS/BASEBOARDS/FLOORS",97272,4
"MIDWEST","MIXED-HUMID","MISSOURI",2429813,"BUILT-IN ROOM HEATER BURNING GAS OR OIL",80899,3.3
"MIDWEST","MIXED-HUMID","MISSOURI",2429813,"WOOD OR PELLET STOVE",52856,2.2
"MIDWEST","MIXED-HUMID","MISSOURI",2429813,"PORTABLE ELECTRIC HEATER",38753,1.6
"MIDWEST","MIXED-HUMID","MISSOURI",2429813,"MINISPLIT",23161,0.9
"MIDWEST","MIXED-HUMID","MISSOURI",2429813,"OTHER",21421,0.9
"WEST","COLD","MONTANA",433329,"DO NOT USE HEATER",0,0
"WEST","COLD","MONTANA",433329,"STEAM OR HOT WATER SYSTEM WITH RADIATORS OR PIPES",44318,10.2
"WEST","COLD","MONTANA",433329,"CENTRAL FURNACE",280971,64.8
"WEST","COLD","MONTANA",433329,"CENTRAL HEAT PUMP",5905,1.4
"WEST","COLD","MONTANA",433329,"BUILT-IN ELECTRIC UNITS IN WALLS/CEILINGS/BASEBOARDS/FLOORS",48639,11.2
"WEST","COLD","MONTANA",433329,"BUILT-IN ROOM HEATER BURNING GAS OR OIL",7835,1.8
"WEST","COLD","MONTANA",433329,"WOOD OR PELLET STOVE",31513,7.3
"WEST","COLD","MONTANA",433329,"PORTABLE ELECTRIC HEATER",5491,1.3
"WEST","COLD","MONTANA",433329,"MINISPLIT",4975,1.1
"WEST","COLD","MONTANA",433329,"OTHER",3682,0.8
"MIDWEST","COLD","NEBRASKA",765201,"DO NOT USE HEATER",5010,0.7
"MIDWEST","COLD","NEBRASKA",765201,"STEAM OR HOT WATER SYSTEM WITH RADIATORS OR PIPES",16198,2.1
"MIDWEST","COLD","NEBRASKA",765201,"CENTRAL FURNACE",637762,83.3
"MIDWEST","COLD","NEBRASKA",765201,"CENTRAL HEAT PUMP",44249,5.8
"MIDWEST","COLD","NEBRASKA",765201,"BUILT-IN ELECTRIC UNITS IN WALLS/CEILINGS/BASEBOARDS/FLOORS",32003,4.2
"MIDWEST","COLD","NEBRASKA",765201,"BUILT-IN ROOM HEATER BURNING GAS OR OIL",9452,1.2
"MIDWEST","COLD","NEBRASKA",765201,"WOOD OR PELLET STOVE",15679,2
"MIDWEST","COLD","NEBRASKA",765201,"PORTABLE ELECTRIC HEATER",0,0
"MIDWEST","COLD","NEBRASKA",765201,"MINISPLIT",4849,0.6
"MIDWEST","COLD","NEBRASKA",765201,"OTHER",0,0
"WEST","HOT-DRY","NEVADA",1139409,"DO NOT USE HEATER",38112,3.3
"WEST","HOT-DRY","NEVADA",1139409,"STEAM OR HOT WATER SYSTEM WITH RADIATORS OR PIPES",34375,3
"WEST","HOT-DRY","NEVADA",1139409,"CENTRAL FURNACE",845782,74.2
"WEST","HOT-DRY","NEVADA",1139409,"CENTRAL HEAT PUMP",74707,6.6
"WEST","HOT-DRY","NEVADA",1139409,"BUILT-IN ELECTRIC UNITS IN WALLS/CEILINGS/BASEBOARDS/FLOORS",31404,2.8
"WEST","HOT-DRY","NEVADA",1139409,"BUILT-IN ROOM HEATER BURNING GAS OR OIL",68950,6
"WEST","HOT-DRY","NEVADA",1139409,"WOOD OR PELLET STOVE",13303,1.2
"WEST","HOT-DRY","NEVADA",1139409,"PORTABLE ELECTRIC HEATER",21339,1.9
"WEST","HOT-DRY","NEVADA",1139409,"MINISPLIT",11437,1
"WEST","HOT-DRY","NEVADA",1139409,"OTHER",0,0
"NORTHEAST","COLD","NEW HAMPSHIRE",538443,"DO NOT USE HEATER",0,0
"NORTHEAST","COLD","NEW HAMPSHIRE",538443,"STEAM OR HOT WATER SYSTEM WITH RADIATORS OR PIPES",133201,24.7
"NORTHEAST","COLD","NEW HAMPSHIRE",538443,"CENTRAL FURNACE",285047,52.9
"NORTHEAST","COLD","NEW HAMPSHIRE",538443,"CENTRAL HEAT PUMP",8238,1.5
"NORTHEAST","COLD","NEW HAMPSHIRE",538443,"BUILT-IN ELECTRIC UNITS IN WALLS/CEILINGS/BASEBOARDS/FLOORS",31636,5.9
"NORTHEAST","COLD","NEW HAMPSHIRE",538443,"BUILT-IN ROOM HEATER BURNING GAS OR OIL",33486,6.2
"NORTHEAST","COLD","NEW HAMPSHIRE",538443,"WOOD OR PELLET STOVE",39541,7.3
"NORTHEAST","COLD","NEW HAMPSHIRE",538443,"PORTABLE ELECTRIC HEATER",0,0
"NORTHEAST","COLD","NEW HAMPSHIRE",538443,"MINISPLIT",4820,0.9
"NORTHEAST","COLD","NEW HAMPSHIRE",538443,"OTHER",2474,0.5
"NORTHEAST","MIXED-HUMID","NEW JERSEY",3393983,"DO NOT USE HEATER",16980,0.5
"NORTHEAST","MIXED-HUMID","NEW JERSEY",3393983,"STEAM OR HOT WATER SYSTEM WITH RADIATORS OR PIPES",846868,25
"NORTHEAST","MIXED-HUMID","NEW JERSEY",3393983,"CENTRAL FURNACE",2073097,61.1
"NORTHEAST","MIXED-HUMID","NEW JERSEY",3393983,"CENTRAL HEAT PUMP",90581,2.7
"NORTHEAST","MIXED-HUMID","NEW JERSEY",3393983,"BUILT-IN ELECTRIC UNITS IN WALLS/CEILINGS/BASEBOARDS/FLOORS",262688,7.7
"NORTHEAST","MIXED-HUMID","NEW JERSEY",3393983,"BUILT-IN ROOM HEATER BURNING GAS OR OIL",40792,1.2
"NORTHEAST","MIXED-HUMID","NEW JERSEY",3393983,"WOOD OR PELLET STOVE",13443,0.4
"NORTHEAST","MIXED-HUMID","NEW JERSEY",3393983,"PORTABLE ELECTRIC HEATER",35332,1
"NORTHEAST","MIXED-HUMID","NEW JERSEY",3393983,"MINISPLIT",8406,0.2
"NORTHEAST","MIXED-HUMID","NEW JERSEY",3393983,"OTHER",5797,0.2
"WEST","MIXED-DRY","NEW MEXICO",787053,"DO NOT USE HEATER",0,0
"WEST","MIXED-DRY","NEW MEXICO",787053,"STEAM OR HOT WATER SYSTEM WITH RADIATORS OR PIPES",52299,6.6
"WEST","MIXED-DRY","NEW MEXICO",787053,"CENTRAL FURNACE",527878,67.1
"WEST","MIXED-DRY","NEW MEXICO",787053,"CENTRAL HEAT PUMP",30910,3.9
"WEST","MIXED-DRY","NEW MEXICO",787053,"BUILT-IN ELECTRIC UNITS IN WALLS/CEILINGS/BASEBOARDS/FLOORS",16895,2.1
"WEST","MIXED-DRY","NEW MEXICO",787053,"BUILT-IN ROOM HEATER BURNING GAS OR OIL",72982,9.3
"WEST","MIXED-DRY","NEW MEXICO",787053,"WOOD OR PELLET STOVE",48146,6.1
"WEST","MIXED-DRY","NEW MEXICO",787053,"PORTABLE ELECTRIC HEATER",18981,2.4
"WEST","MIXED-DRY","NEW MEXICO",787053,"MINISPLIT",6954,0.9
"WEST","MIXED-DRY","NEW MEXICO",787053,"OTHER",12009,1.5
"NORTHEAST","COLD","NEW YORK",7521120,"DO NOT USE HEATER",82412,1.1
"NORTHEAST","COLD","NEW YORK",7521120,"STEAM OR HOT WATER SYSTEM WITH RADIATORS OR PIPES",2645501,35.2
"NORTHEAST","COLD","NEW YORK",7521120,"CENTRAL FURNACE",3305808,44
"NORTHEAST","COLD","NEW YORK",7521120,"CENTRAL HEAT PUMP",213578,2.8
"NORTHEAST","COLD","NEW YORK",7521120,"BUILT-IN ELECTRIC UNITS IN WALLS/CEILINGS/BASEBOARDS/FLOORS",555258,7.4
"NORTHEAST","COLD","NEW YORK",7521120,"BUILT-IN ROOM HEATER BURNING GAS OR OIL",402263,5.3
"NORTHEAST","COLD","NEW YORK",7521120,"WOOD OR PELLET STOVE",76464,1
"NORTHEAST","COLD","NEW YORK",7521120,"PORTABLE ELECTRIC HEATER",95247,1.3
"NORTHEAST","COLD","NEW YORK",7521120,"MINISPLIT",105516,1.4
"NORTHEAST","COLD","NEW YORK",7521120,"OTHER",39073,0.5
"SOUTH","MIXED-HUMID","NORTH CAROLINA",4012739,"DO NOT USE HEATER",42605,1.1
"SOUTH","MIXED-HUMID","NORTH CAROLINA",4012739,"STEAM OR HOT WATER SYSTEM WITH RADIATORS OR PIPES",38540,1
"SOUTH","MIXED-HUMID","NORTH CAROLINA",4012739,"CENTRAL FURNACE",1994124,49.7
"SOUTH","MIXED-HUMID","NORTH CAROLINA",4012739,"CENTRAL HEAT PUMP",1539973,38.4
"SOUTH","MIXED-HUMID","NORTH CAROLINA",4012739,"BUILT-IN ELECTRIC UNITS IN WALLS/CEILINGS/BASEBOARDS/FLOORS",120474,3
"SOUTH","MIXED-HUMID","NORTH CAROLINA",4012739,"BUILT-IN ROOM HEATER BURNING GAS OR OIL",75490,1.9
"SOUTH","MIXED-HUMID","NORTH CAROLINA",4012739,"WOOD OR PELLET STOVE",47927,1.2
"SOUTH","MIXED-HUMID","NORTH CAROLINA",4012739,"PORTABLE ELECTRIC HEATER",103711,2.6
"SOUTH","MIXED-HUMID","NORTH CAROLINA",4012739,"MINISPLIT",11103,0.3
"SOUTH","MIXED-HUMID","NORTH CAROLINA",4012739,"OTHER",38793,1
"MIDWEST","VERY-COLD","NORTH DAKOTA",315573,"DO NOT USE HEATER",3128,1
"MIDWEST","VERY-COLD","NORTH DAKOTA",315573,"STEAM OR HOT WATER SYSTEM WITH RADIATORS OR PIPES",39258,12.4
"MIDWEST","VERY-COLD","NORTH DAKOTA",315573,"CENTRAL FURNACE",201967,64
"MIDWEST","VERY-COLD","NORTH DAKOTA",315573,"CENTRAL HEAT PUMP",4764,1.5
"MIDWEST","VERY-COLD","NORTH DAKOTA",315573,"BUILT-IN ELECTRIC UNITS IN WALLS/CEILINGS/BASEBOARDS/FLOORS",60127,19
"MIDWEST","VERY-COLD","NORTH DAKOTA",315573,"BUILT-IN ROOM HEATER BURNING GAS OR OIL",2786,0.9
"MIDWEST","VERY-COLD","NORTH DAKOTA",315573,"WOOD OR PELLET STOVE",2016,0.6
"MIDWEST","VERY-COLD","NORTH DAKOTA",315573,"PORTABLE ELECTRIC HEATER",549,0.2
"MIDWEST","VERY-COLD","NORTH DAKOTA",315573,"MINISPLIT",0,0
"MIDWEST","VERY-COLD","NORTH DAKOTA",315573,"OTHER",979,0.3
"MIDWEST","COLD","OHIO",4739001,"DO NOT USE HEATER",23565,0.5
"MIDWEST","COLD","OHIO",4739001,"STEAM OR HOT WATER SYSTEM WITH RADIATORS OR PIPES",255357,5.4
"MIDWEST","COLD","OHIO",4739001,"CENTRAL FURNACE",3648771,77
"MIDWEST","COLD","OHIO",4739001,"CENTRAL HEAT PUMP",255346,5.4
"MIDWEST","COLD","OHIO",4739001,"BUILT-IN ELECTRIC UNITS IN WALLS/CEILINGS/BASEBOARDS/FLOORS",397440,8.4
"MIDWEST","COLD","OHIO",4739001,"BUILT-IN ROOM HEATER BURNING GAS OR OIL",22678,0.5
"MIDWEST","COLD","OHIO",4739001,"WOOD OR PELLET STOVE",81931,1.7
"MIDWEST","COLD","OHIO",4739001,"PORTABLE ELECTRIC HEATER",41378,0.9
"MIDWEST","COLD","OHIO",4739001,"MINISPLIT",12536,0.3
"MIDWEST","COLD","OHIO",4739001,"OTHER",0,0
"SOUTH","MIXED-HUMID","OKLAHOMA",1492833,"DO NOT USE HEATER",48919,3.3
"SOUTH","MIXED-HUMID","OKLAHOMA",1492833,"STEAM OR HOT WATER SYSTEM WITH RADIATORS OR PIPES",0,0
"SOUTH","MIXED-HUMID","OKLAHOMA",1492833,"CENTRAL FURNACE",1033113,69.2
"SOUTH","MIXED-HUMID","OKLAHOMA",1492833,"CENTRAL HEAT PUMP",171466,11.5
"SOUTH","MIXED-HUMID","OKLAHOMA",1492833,"BUILT-IN ELECTRIC UNITS IN WALLS/CEILINGS/BASEBOARDS/FLOORS",63924,4.3
"SOUTH","MIXED-HUMID","OKLAHOMA",1492833,"BUILT-IN ROOM HEATER BURNING GAS OR OIL",50595,3.4
"SOUTH","MIXED-HUMID","OKLAHOMA",1492833,"WOOD OR PELLET STOVE",32150,2.1
"SOUTH","MIXED-HUMID","OKLAHOMA",1492833,"PORTABLE ELECTRIC HEATER",42147,2.8
"SOUTH","MIXED-HUMID","OKLAHOMA",1492833,"MINISPLIT",11064,0.7
"SOUTH","MIXED-HUMID","OKLAHOMA",1492833,"OTHER",39454,2.6
"WEST","MARINE","OREGON",1654154,"DO NOT USE HEATER",26626,1.6
"WEST","MARINE","OREGON",1654154,"STEAM OR HOT WATER SYSTEM WITH RADIATORS OR PIPES",23516,1.4
"WEST","MARINE","OREGON",1654154,"CENTRAL FURNACE",828147,50.1
"WEST","MARINE","OREGON",1654154,"CENTRAL HEAT PUMP",219298,13.3
"WEST","MARINE","OREGON",1654154,"BUILT-IN ELECTRIC UNITS IN WALLS/CEILINGS/BASEBOARDS/FLOORS",312545,18.9
"WEST","MARINE","OREGON",1654154,"BUILT-IN ROOM HEATER BURNING GAS OR OIL",28401,1.7
"WEST","MARINE","OREGON",1654154,"WOOD OR PELLET STOVE",141942,8.6
"WEST","MARINE","OREGON",1654154,"PORTABLE ELECTRIC HEATER",35404,2.1
"WEST","MARINE","OREGON",1654154,"MINISPLIT",21969,1.3
"WEST","MARINE","OREGON",1654154,"OTHER",16307,1
"NORTHEAST","COLD","PENNSYLVANIA",5128400,"DO NOT USE HEATER",7903,0.1
"NORTHEAST","COLD","PENNSYLVANIA",5128400,"STEAM OR HOT WATER SYSTEM WITH RADIATORS OR PIPES",983345,19.2
"NORTHEAST","COLD","PENNSYLVANIA",5128400,"CENTRAL FURNACE",2857017,55.7
"NORTHEAST","COLD","PENNSYLVANIA",5128400,"CENTRAL HEAT PUMP",378492,7.4
"NORTHEAST","COLD","PENNSYLVANIA",5128400,"BUILT-IN ELECTRIC UNITS IN WALLS/CEILINGS/BASEBOARDS/FLOORS",565059,11
"NORTHEAST","COLD","PENNSYLVANIA",5128400,"BUILT-IN ROOM HEATER BURNING GAS OR OIL",57613,1.1
"NORTHEAST","COLD","PENNSYLVANIA",5128400,"WOOD OR PELLET STOVE",151529,3
"NORTHEAST","COLD","PENNSYLVANIA",5128400,"PORTABLE ELECTRIC HEATER",55471,1.1
"NORTHEAST","COLD","PENNSYLVANIA",5128400,"MINISPLIT",52054,1
"NORTHEAST","COLD","PENNSYLVANIA",5128400,"OTHER",19918,0.4
"NORTHEAST","COLD","RHODE ISLAND",418689,"DO NOT USE HEATER",1918,0.5
"NORTHEAST","COLD","RHODE ISLAND",418689,"STEAM OR HOT WATER SYSTEM WITH RADIATORS OR PIPES",139256,33.3
"NORTHEAST","COLD","RHODE ISLAND",418689,"CENTRAL FURNACE",211438,50.5
"NORTHEAST","COLD","RHODE ISLAND",418689,"CENTRAL HEAT PUMP",8386,2
"NORTHEAST","COLD","RHODE ISLAND",418689,"BUILT-IN ELECTRIC UNITS IN WALLS/CEILINGS/BASEBOARDS/FLOORS",25502,6.1
"NORTHEAST","COLD","RHODE ISLAND",418689,"BUILT-IN ROOM HEATER BURNING GAS OR OIL",17398,4.2
"NORTHEAST","COLD","RHODE ISLAND",418689,"WOOD OR PELLET STOVE",7083,1.7
"NORTHEAST","COLD","RHODE ISLAND",418689,"PORTABLE ELECTRIC HEATER",4228,1
"NORTHEAST","COLD","RHODE ISLAND",418689,"MINISPLIT",3479,0.8
"NORTHEAST","COLD","RHODE ISLAND",418689,"OTHER",0,0
"SOUTH","MIXED-HUMID","SOUTH CAROLINA",1970536,"DO NOT USE HEATER",37760,1.9
"SOUTH","MIXED-HUMID","SOUTH CAROLINA",1970536,"STEAM OR HOT WATER SYSTEM WITH RADIATORS OR PIPES",7054,0.4
"SOUTH","MIXED-HUMID","SOUTH CAROLINA",1970536,"CENTRAL FURNACE",904847,45.9
"SOUTH","MIXED-HUMID","SOUTH CAROLINA",1970536,"CENTRAL HEAT PUMP",801838,40.7
"SOUTH","MIXED-HUMID","SOUTH CAROLINA",1970536,"BUILT-IN ELECTRIC UNITS IN WALLS/CEILINGS/BASEBOARDS/FLOORS",73978,3.8
"SOUTH","MIXED-HUMID","SOUTH CAROLINA",1970536,"BUILT-IN ROOM HEATER BURNING GAS OR OIL",43503,2.2
"SOUTH","MIXED-HUMID","SOUTH CAROLINA",1970536,"WOOD OR PELLET STOVE",18180,0.9
"SOUTH","MIXED-HUMID","SOUTH CAROLINA",1970536,"PORTABLE ELECTRIC HEATER",38157,1.9
"SOUTH","MIXED-HUMID","SOUTH CAROLINA",1970536,"MINISPLIT",20064,1
"SOUTH","MIXED-HUMID","SOUTH CAROLINA",1970536,"OTHER",25156,1.3
"MIDWEST","COLD","SOUTH DAKOTA",346425,"DO NOT USE HEATER",6969,2
"MIDWEST","COLD","SOUTH DAKOTA",346425,"STEAM OR HOT WATER SYSTEM WITH RADIATORS OR PIPES",22657,6.5
"MIDWEST","COLD","SOUTH DAKOTA",346425,"CENTRAL FURNACE",260294,75.1
"MIDWEST","COLD","SOUTH DAKOTA",346425,"CENTRAL HEAT PUMP",14431,4.2
"MIDWEST","COLD","SOUTH DAKOTA",346425,"BUILT-IN ELECTRIC UNITS IN WALLS/CEILINGS/BASEBOARDS/FLOORS",30631,8.8
"MIDWEST","COLD","SOUTH DAKOTA",346425,"BUILT-IN ROOM HEATER BURNING GAS OR OIL",9392,2.7
"MIDWEST","COLD","SOUTH DAKOTA",346425,"WOOD OR PELLET STOVE",0,0
"MIDWEST","COLD","SOUTH DAKOTA",346425,"PORTABLE ELECTRIC HEATER",0,0
"MIDWEST","COLD","SOUTH DAKOTA",346425,"MINISPLIT",2050,0.6
"MIDWEST","COLD","SOUTH DAKOTA",346425,"OTHER",0,0
"SOUTH","MIXED-HUMID","TENNESSEE",2657514,"DO NOT USE HEATER",14720,0.6
"SOUTH","MIXED-HUMID","TENNESSEE",2657514,"STEAM OR HOT WATER SYSTEM WITH RADIATORS OR PIPES",10467,0.4
"SOUTH","MIXED-HUMID","TENNESSEE",2657514,"CENTRAL FURNACE",1371668,51.6
"SOUTH","MIXED-HUMID","TENNESSEE",2657514,"CENTRAL HEAT PUMP",923672,34.8
"SOUTH","MIXED-HUMID","TENNESSEE",2657514,"BUILT-IN ELECTRIC UNITS IN WALLS/CEILINGS/BASEBOARDS/FLOORS",115847,4.4
"SOUTH","MIXED-HUMID","TENNESSEE",2657514,"BUILT-IN ROOM HEATER BURNING GAS OR OIL",52793,2
"SOUTH","MIXED-HUMID","TENNESSEE",2657514,"WOOD OR PELLET STOVE",24084,0.9
"SOUTH","MIXED-HUMID","TENNESSEE",2657514,"PORTABLE ELECTRIC HEATER",96757,3.6
"SOUTH","MIXED-HUMID","TENNESSEE",2657514,"MINISPLIT",21001,0.8
"SOUTH","MIXED-HUMID","TENNESSEE",2657514,"OTHER",26506,1
"SOUTH","HOT-HUMID","TEXAS",10255403,"DO NOT USE HEATER",438486,4.3
"SOUTH","HOT-HUMID","TEXAS",10255403,"STEAM OR HOT WATER SYSTEM WITH RADIATORS OR PIPES",62142,0.6
"SOUTH","HOT-HUMID","TEXAS",10255403,"CENTRAL FURNACE",6234649,60.8
"SOUTH","HOT-HUMID","TEXAS",10255403,"CENTRAL HEAT PUMP",1952775,19
"SOUTH","HOT-HUMID","TEXAS",10255403,"BUILT-IN ELECTRIC UNITS IN WALLS/CEILINGS/BASEBOARDS/FLOORS",498627,4.9
"SOUTH","HOT-HUMID","TEXAS",10255403,"BUILT-IN ROOM HEATER BURNING GAS OR OIL",305576,3
"SOUTH","HOT-HUMID","TEXAS",10255403,"WOOD OR PELLET STOVE",19290,0.2
"SOUTH","HOT-HUMID","TEXAS",10255403,"PORTABLE ELECTRIC HEATER",584232,5.7
"SOUTH","HOT-HUMID","TEXAS",10255403,"MINISPLIT",82453,0.8
"SOUTH","HOT-HUMID","TEXAS",10255403,"OTHER",77174,0.8
"WEST","COLD","UTAH",1039997,"DO NOT USE HEATER",0,0
"WEST","COLD","UTAH",1039997,"STEAM OR HOT WATER SYSTEM WITH RADIATORS OR PIPES",29927,2.9
"WEST","COLD","UTAH",1039997,"CENTRAL FURNACE",933232,89.7
"WEST","COLD","UTAH",1039997,"CENTRAL HEAT PUMP",14694,1.4
"WEST","COLD","UTAH",1039997,"BUILT-IN ELECTRIC UNITS IN WALLS/CEILINGS/BASEBOARDS/FLOORS",39290,3.8
"WEST","COLD","UTAH",1039997,"BUILT-IN ROOM HEATER BURNING GAS OR OIL",17562,1.7
"WEST","COLD","UTAH",1039997,"WOOD OR PELLET STOVE",0,0
"WEST","COLD","UTAH",1039997,"PORTABLE ELECTRIC HEATER",0,0
"WEST","COLD","UTAH",1039997,"MINISPLIT",5292,0.5
"WEST","COLD","UTAH",1039997,"OTHER",0,0
"NORTHEAST","COLD","VERMONT",258824,"DO NOT USE HEATER",1833,0.7
"NORTHEAST","COLD","VERMONT",258824,"STEAM OR HOT WATER SYSTEM WITH RADIATORS OR PIPES",64977,25.1
"NORTHEAST","COLD","VERMONT",258824,"CENTRAL FURNACE",131216,50.7
"NORTHEAST","COLD","VERMONT",258824,"CENTRAL HEAT PUMP",1921,0.7
"NORTHEAST","COLD","VERMONT",258824,"BUILT-IN ELECTRIC UNITS IN WALLS/CEILINGS/BASEBOARDS/FLOORS",10937,4.2
"NORTHEAST","COLD","VERMONT",258824,"BUILT-IN ROOM HEATER BURNING GAS OR OIL",16001,6.2
"NORTHEAST","COLD","VERMONT",258824,"WOOD OR PELLET STOVE",27223,10.5
"NORTHEAST","COLD","VERMONT",258824,"PORTABLE ELECTRIC HEATER",0,0
"NORTHEAST","COLD","VERMONT",258824,"MINISPLIT",2811,1.1
"NORTHEAST","COLD","VERMONT",258824,"OTHER",1905,0.7
"SOUTH","MIXED-HUMID","VIRGINIA",3242014,"DO NOT USE HEATER",7525,0.2
"SOUTH","MIXED-HUMID","VIRGINIA",3242014,"STEAM OR HOT WATER SYSTEM WITH RADIATORS OR PIPES",144867,4.5
"SOUTH","MIXED-HUMID","VIRGINIA",3242014,"CENTRAL FURNACE",1826090,56.3
"SOUTH","MIXED-HUMID","VIRGINIA",3242014,"CENTRAL HEAT PUMP",889063,27.4
"SOUTH","MIXED-HUMID","VIRGINIA",3242014,"BUILT-IN ELECTRIC UNITS IN WALLS/CEILINGS/BASEBOARDS/FLOORS",136225,4.2
"SOUTH","MIXED-HUMID","VIRGINIA",3242014,"BUILT-IN ROOM HEATER BURNING GAS OR OIL",34966,1.1
"SOUTH","MIXED-HUMID","VIRGINIA",3242014,"WOOD OR PELLET STOVE",106014,3.3
"SOUTH","MIXED-HUMID","VIRGINIA",3242014,"PORTABLE ELECTRIC HEATER",29710,0.9
"SOUTH","MIXED-HUMID","VIRGINIA",3242014,"MINISPLIT",42890,1.3
"SOUTH","MIXED-HUMID","VIRGINIA",3242014,"OTHER",24664,0.8
"WEST","COLD","WASHINGTON",2939032,"DO NOT USE HEATER",69979,2.4
"WEST","COLD","WASHINGTON",2939032,"STEAM OR HOT WATER SYSTEM WITH RADIATORS OR PIPES",57076,1.9
"WEST","COLD","WASHINGTON",2939032,"CENTRAL FURNACE",1393734,47.4
"WEST","COLD","WASHINGTON",2939032,"CENTRAL HEAT PUMP",263413,9
"WEST","COLD","WASHINGTON",2939032,"BUILT-IN ELECTRIC UNITS IN WALLS/CEILINGS/BASEBOARDS/FLOORS",775646,26.4
"WEST","COLD","WASHINGTON",2939032,"BUILT-IN ROOM HEATER BURNING GAS OR OIL",22922,0.8
"WEST","COLD","WASHINGTON",2939032,"WOOD OR PELLET STOVE",92118,3.1
"WEST","COLD","WASHINGTON",2939032,"PORTABLE ELECTRIC HEATER",114692,3.9
"WEST","COLD","WASHINGTON",2939032,"MINISPLIT",122931,4.2
"WEST","COLD","WASHINGTON",2939032,"OTHER",26522,0.9
"SOUTH","COLD","WEST VIRGINIA",696161,"DO NOT USE HEATER",3936,0.6
"SOUTH","COLD","WEST VIRGINIA",696161,"STEAM OR HOT WATER SYSTEM WITH RADIATORS OR PIPES",24018,3.5
"SOUTH","COLD","WEST VIRGINIA",696161,"CENTRAL FURNACE",372801,53.5
"SOUTH","COLD","WEST VIRGINIA",696161,"CENTRAL HEAT PUMP",140445,20.2
"SOUTH","COLD","WEST VIRGINIA",696161,"BUILT-IN ELECTRIC UNITS IN WALLS/CEILINGS/BASEBOARDS/FLOORS",72744,10.4
"SOUTH","COLD","WEST VIRGINIA",696161,"BUILT-IN ROOM HEATER BURNING GAS OR OIL",22692,3.3
"SOUTH","COLD","WEST VIRGINIA",696161,"WOOD OR PELLET STOVE",30898,4.4
"SOUTH","COLD","WEST VIRGINIA",696161,"PORTABLE ELECTRIC HEATER",21799,3.1
"SOUTH","COLD","WEST VIRGINIA",696161,"MINISPLIT",0,0
"SOUTH","COLD","WEST VIRGINIA",696161,"OTHER",6827,1
"MIDWEST","COLD","WISCONSIN",2388876,"DO NOT USE HEATER",15760,0.7
"MIDWEST","COLD","WISCONSIN",2388876,"STEAM OR HOT WATER SYSTEM WITH RADIATORS OR PIPES",197979,8.3
"MIDWEST","COLD","WISCONSIN",2388876,"CENTRAL FURNACE",1867980,78.2
"MIDWEST","COLD","WISCONSIN",2388876,"CENTRAL HEAT PUMP",22131,0.9
"MIDWEST","COLD","WISCONSIN",2388876,"BUILT-IN ELECTRIC UNITS IN WALLS/CEILINGS/BASEBOARDS/FLOORS",180506,7.6
"MIDWEST","COLD","WISCONSIN",2388876,"BUILT-IN ROOM HEATER BURNING GAS OR OIL",40613,1.7
"MIDWEST","COLD","WISCONSIN",2388876,"WOOD OR PELLET STOVE",49974,2.1
"MIDWEST","COLD","WISCONSIN",2388876,"PORTABLE ELECTRIC HEATER",5965,0.2
"MIDWEST","COLD","WISCONSIN",2388876,"MINISPLIT",7969,0.3
"MIDWEST","COLD","WISCONSIN",2388876,"OTHER",0,0
"WEST","COLD","WYOMING",226146,"DO NOT USE HEATER",0,0
"WEST","COLD","WYOMING",226146,"STEAM OR HOT WATER SYSTEM WITH RADIATORS OR PIPES",21016,9.3
"WEST","COLD","WYOMING",226146,"CENTRAL FURNACE",154246,68.2
"WEST","COLD","WYOMING",226146,"CENTRAL HEAT PUMP",2176,1
"WEST","COLD","WYOMING",226146,"BUILT-IN ELECTRIC UNITS IN WALLS/CEILINGS/BASEBOARDS/FLOORS",23628,10.4
"WEST","COLD","WYOMING",226146,"BUILT-IN ROOM HEATER BURNING GAS OR OIL",9901,4.4
"WEST","COLD","WYOMING",226146,"WOOD OR PELLET STOVE",8295,3.7
"WEST","COLD","WYOMING",226146,"PORTABLE ELECTRIC HEATER",5759,2.5
"WEST","COLD","WYOMING",226146,"MINISPLIT",0,0
"WEST","COLD","WYOMING",226146,"OTHER",1126,0.5
