"REGION","CLIMATE","STATE","TOTAL_HOUSEHOLDS","HEATER_FUEL_TYPE","NUM_HOUSEHOLDS","PERCENTAGE"
"SOUTH","MIXED-HUMID","ALABAMA",1900406,"DO NOT USE HEATER",20602,1.1
"SOUTH","MIXED-HUMID","ALABAMA",1900406,"NATURAL GAS",534059,28.1
"SOUTH","MIXED-HUMID","ALABAMA",1900406,"PROPANE",90308,4.8
"SOUTH","MIXED-HUMID","ALABAMA",1900406,"FUEL OIL",0,0
"SOUTH","MIXED-HUMID","ALABAMA",1900406,"ELECTRICITY",1217224,64
"SOUTH","MIXED-HUMID","ALABAMA",1900406,"WOOD OR PELLETS",38213,2
"SOUTH","MIXED-HUMID","ALABAMA",1900406,"OTHER",0,0
"WEST","VERY-COLD","ALASKA",257193,"DO NOT USE HEATER",2658,1
"WEST","VERY-COLD","ALASKA",257193,"NATURAL GAS",145359,56.5
"WEST","VERY-COLD","ALASKA",257193,"PROPANE",4706,1.8
"WEST","VERY-COLD","ALASKA",257193,"FUEL OIL",61304,23.8
"WEST","VERY-COLD","ALASKA",257193,"ELECTRICITY",32607,12.7
"WEST","VERY-COLD","ALASKA",257193,"WOOD OR PELLETS",10559,4.1
"WEST","VERY-COLD","ALASKA",257193,"OTHER",0,0
"WEST","HOT-DRY","ARIZONA",2675608,"DO NOT USE HEATER",255987,9.6
"WEST","HOT-DRY","ARIZONA",2675608,"NATURAL GAS",955194,35.7
"WEST","HOT-DRY","ARIZONA",2675608,"PROPANE",54633,2
"WEST","HOT-DRY","ARIZONA",2675608,"FUEL OIL",10806,0.4
"WEST","HOT-DRY","ARIZONA",2675608,"ELECTRICITY",1356670,50.7
"WEST","HOT-DRY","ARIZONA",2675608,"WOOD OR PELLETS",42317,1.6
"WEST","HOT-DRY","ARIZONA",2675608,"OTHER",0,0
"SOUTH","MIXED-HUMID","ARKANSAS",1143632,"DO NOT USE HEATER",22897,2
"SOUTH","MIXED-HUMID","ARKANSAS",1143632,"NATURAL GAS",493335,43.1
"SOUTH","MIXED-HUMID","ARKANSAS",1143632,"PROPANE",49445,4.3
"SOUTH","MIXED-HUMID","ARKANSAS",1143632,"FUEL OIL",0,0
"SOUTH","MIXED-HUMID","ARKANSAS",1143632,"ELECTRICITY",522586,45.7
"SOUTH","MIXED-HUMID","ARKANSAS",1143632,"WOOD OR PELLETS",55370,4.8
"SOUTH","MIXED-HUMID","ARKANSAS",1143632,"OTHER",0,0
"WEST","HOT-DRY","CALIFORNIA",13180886,"DO NOT USE HEATER",1609631,12.2
"WEST","HOT-DRY","CALIFORNIA",13180886,"NATURAL GAS",8438972,64
"WEST","HOT-DRY","CALIFORNIA",13180886,"PROPANE",297771,2.3
"WEST","HOT-DRY","CALIFORNIA",13180886,"FUEL OIL",0,0
"WEST","HOT-DRY","CALIFORNIA",13180886,"ELECTRICITY",2646211,20.1
"WEST","HOT-DRY","CALIFORNIA",13180886,"WOOD OR PELLETS",188301,1.4
"WEST","HOT-DRY","CALIFORNIA",13180886,"OTHER",0,0
"WEST","COLD","COLORADO",2259861,"DO NOT USE HEATER",20322,0.9
"WEST","COLD","COLORADO",2259861,"NATURAL GAS",1724908,76.3
"WEST","COLD","COLORADO",2259861,"PROPANE",92886,4.1
"WEST","COLD","COLORADO",2259861,"FUEL OIL",0,0
"WEST","COLD","COLORADO",2259861,"ELECTRICITY",371886,16.5
"WEST","COLD","COLORADO",2259861,"WOOD OR PELLETS",49859,2.2
"WEST","COLD","COLORADO",2259861,"OTHER",0,0
"NORTHEAST","COLD","CONNECTICUT",1381897,"DO NOT USE HEATER",0,0
"NORTHEAST","COLD","CONNECTICUT",1381897,"NATURAL GAS",497775,36
"NORTHEAST","COLD","CONNECTICUT",1381897,"PROPANE",60432,4.4
"NORTHEAST","COLD","CONNECTICUT",1381897,"FUEL OIL",541740,39.2
"NORTHEAST","COLD","CONNECTICUT",1381897,"ELECTRICITY",264584,19.1
"NORTHEAST","COLD","CONNECTICUT",1381897,"WOOD OR PELLETS",17367,1.3
"NORTHEAST","COLD","CONNECTICUT",1381897,"OTHER",0,0
"SOUTH","MIXED-HUMID","DELAWARE",380454,"DO NOT USE HEATER",2710,0.7
"SOUTH","MIXED-HUMID","DELAWARE",380454,"NATURAL GAS",157301,41.4
"SOUTH","MIXED-HUMID","DELAWARE",380454,"PROPANE",34737,9.1
"SOUTH","MIXED-HUMID","DELAWARE",380454,"FUEL OIL",30438,8
"SOUTH","MIXED-HUMID","DELAWARE",380454,"ELECTRICITY",151976,40
"SOUTH","MIXED-HUMID","DELAWARE",380454,"WOOD OR PELLETS",3292,0.9
"SOUTH","MIXED-HUMID","DELAWARE",380454,"OTHER",0,0
"SOUTH","MIXED-HUMID","DISTRICT OF COLUMBIA",316453,"DO NOT USE HEATER",6381,2
"SOUTH","MIXED-HUMID","DISTRICT OF COLUMBIA",316453,"NATURAL GAS",176033,55.6
"SOUTH","MIXED-HUMID","DISTRICT OF COLUMBIA",316453,"PROPANE",0,0
"SOUTH","MIXED-HUMID","DISTRICT OF COLUMBIA",316453,"FUEL OIL",4851,1.5
"SOUTH","MIXED-HUMID","DISTRICT OF COLUMBIA",316453,"ELECTRICITY",129188,40.8
"SOUTH","MIXED-HUMID","DISTRICT OF COLUMBIA",316453,"WOOD OR PELLETS",0,0
"SOUTH","MIXED-HUMID","DISTRICT OF COLUMBIA",316453,"OTHER",0,0
"SOUTH","HOT-HUMID","FLORIDA",8062164,"DO NOT USE HEATER",2262253,28.1
"SOUTH","HOT-HUMID","FLORIDA",8062164,"NATURAL GAS",420841,5.2
"SOUTH","HOT-HUMID","FLORIDA",8062164,"PROPANE",28090,0.3
"SOUTH","HOT-HUMID","FLORIDA",8062164,"FUEL OIL",0,0
"SOUTH","HOT-HUMID","FLORIDA",8062164,"ELECTRICITY",5350981,66.4
"SOUTH","HOT-HUMID","FLORIDA",8062164,"WOOD OR PELLETS",0,0
"SOUTH","HOT-HUMID","FLORIDA",8062164,"OTHER",0,0
"SOUTH","MIXED-HUMID","GEORGIA",3881405,"DO NOT USE HEATER",57337,1.5
"SOUTH","MIXED-HUMID","GEORGIA",3881405,"NATURAL GAS",1806850,46.5
"SOUTH","MIXED-HUMID","GEORGIA",3881405,"PROPANE",178597,4.6
"SOUTH","MIXED-HUMID","GEORGIA",3881405,"FUEL OIL",10983,0.3
"SOUTH","MIXED-HUMID","GEORGIA",3881405,"ELECTRICITY",1767487,45.5
"SOUTH","MIXED-HUMID","GEORGIA",3881405,"WOOD OR PELLETS",60150,1.6
"SOUTH","MIXED-HUMID","GEORGIA",3881405,"OTHER",0,0
"WEST","HOT-HUMID","HAWAII",474378,"DO NOT USE HEATER",446946,94.2
"WEST","HOT-HUMID","HAWAII",474378,"NATURAL GAS",1622,0.3
"WEST","HOT-HUMID","HAWAII",474378,"PROPANE",1425,0.3
"WEST","HOT-HUMID","HAWAII",474378,"FUEL OIL",0,0
"WEST","HOT-HUMID","HAWAII",474378,"ELECTRICITY",24385,5.1
"WEST","HOT-HUMID","HAWAII",474378,"WOOD OR PELLETS",0,0
"WEST","HOT-HUMID","HAWAII",474378,"OTHER",0,0
"WEST","COLD","IDAHO",656511,"DO NOT USE HEATER",0,0
"WEST","COLD","IDAHO",656511,"NATURAL GAS",400853,61.1
"WEST","COLD","IDAHO",656511,"PROPANE",37308,5.7
"WEST","COLD","IDAHO",656511,"FUEL OIL",4806,0.7
"WEST","COLD","IDAHO",656511,"ELECTRICITY",171885,26.2
"WEST","COLD","IDAHO",656511,"WOOD OR PELLETS",41659,6.3
"WEST","COLD","IDAHO",656511,"OTHER",0,0
"MIDWEST","COLD","ILLINOIS",4900521,"DO NOT USE HEATER",42777,0.9
"MIDWEST","COLD","ILLINOIS",4900521,"NATURAL GAS",3839128,78.3
"MIDWEST","COLD","ILLINOIS",4900521,"PROPANE",176317,3.6
"MIDWEST","COLD","ILLINOIS",4900521,"FUEL OIL",0,0
"MIDWEST","COLD","ILLINOIS",4900521,"ELECTRICITY",811311,16.6
"MIDWEST","COLD","ILLINOIS",4900521,"WOOD OR PELLETS",30988,0.6
"MIDWEST","COLD","ILLINOIS",4900521,"OTHER",0,0
"MIDWEST","MIXED-HUMID","INDIANA",2599597,"DO NOT USE HEATER",10427,0.4
"MIDWEST","MIXED-HUMID","INDIANA",2599597,"NATURAL GAS",1685097,64.8
"MIDWEST","MIXED-HUMID","INDIANA",2599597,"PROPANE",188856,7.3
"MIDWEST","MIXED-HUMID","INDIANA",2599597,"FUEL OIL",5133,0.2
"MIDWEST","MIXED-HUMID","INDIANA",2599597,"ELECTRICITY",677924,26.1
"MIDWEST","MIXED-HUMID","INDIANA",2599597,"WOOD OR PELLETS",32160,1.2
"MIDWEST","MIXED-HUMID","INDIANA",2599597,"OTHER",0,0
"MIDWEST","COLD","IOWA",1281948,"DO NOT USE HEATER",0,0
"MIDWEST","COLD","IOWA",1281948,"NATURAL GAS",906128,70.7
"MIDWEST","COLD","IOWA",1281948,"PROPANE",160277,12.5
"MIDWEST","COLD","IOWA",1281948,"FUEL OIL",4467,0.3
"MIDWEST","COLD","IOWA",1281948,"ELECTRICITY",203665,15.9
"MIDWEST","COLD","IOWA",1281948,"WOOD OR PELLETS",7411,0.6
"MIDWEST","COLD","IOWA",1281948,"OTHER",0,0
"MIDWEST","MIXED-HUMID","KANSAS",1127072,"DO NOT USE HEATER",0,0
"MIDWEST","MIXED-HUMID","KANSAS",1127072,"NATURAL GAS",800994,71.1
"MIDWEST","MIXED-HUMID","KANSAS",1127072,"PROPANE",69706,6.2
"MIDWEST","MIXED-HUMID","KANSAS",1127072,"FUEL OIL",0,0
"MIDWEST","MIXED-HUMID","KANSAS",1127072,"ELECTRICITY",233846,20.8
"MIDWEST","MIXED-HUMID","KANSAS",1127072,"WOOD OR PELLETS",22526,2
"MIDWEST","MIXED-HUMID","KANSAS",1127072,"OTHER",0,0
"SOUTH","MIXED-HUMID","KENTUCKY",1738263,"DO NOT USE HEATER",10032,0.6
"SOUTH","MIXED-HUMID","KENTUCKY",1738263,"NATURAL GAS",755736,43.5
"SOUTH","MIXED-HUMID","KENTUCKY",1738263,"PROPANE",65386,3.8
"SOUTH","MIXED-HUMID","KENTUCKY",1738263,"FUEL OIL",21041,1.2
"SOUTH","MIXED-HUMID","KENTUCKY",1738263,"ELECTRICITY",844949,48.6
"SOUTH","MIXED-HUMID","KENTUCKY",1738263,"WOOD OR PELLETS",36413,2.1
"SOUTH","MIXED-HUMID","KENTUCKY",1738263,"OTHER",4706,0.3
"SOUTH","HOT-HUMID","LOUISIANA",1727226,"DO NOT USE HEATER",51528,3
"SOUTH","HOT-HUMID","LOUISIANA",1727226,"NATURAL GAS",576874,33.4
"SOUTH","HOT-HUMID","LOUISIANA",1727226,"PROPANE",12007,0.7
"SOUTH","HOT-HUMID","LOUISIANA",1727226,"FUEL OIL",0,0
"SOUTH","HOT-HUMID","LOUISIANA",1727226,"ELECTRICITY",1063805,61.6
"SOUTH","HOT-HUMID","LOUISIANA",1727226,"WOOD OR PELLETS",23011,1.3
"SOUTH","HOT-HUMID","LOUISIANA",1727226,"OTHER",0,0
"NORTHEAST","COLD","MAINE",564535,"DO NOT USE HEATER",0,0
"NORTHEAST","COLD","MAINE",564535,"NATURAL GAS",98782,17.5
"NORTHEAST","COLD","MAINE",564535,"PROPANE",91144,16.1
"NORTHEAST","COLD","MAINE",564535,"FUEL OIL",274333,48.6
"NORTHEAST","COLD","MAINE",564535,"ELECTRICITY",56492,10
"NORTHEAST","COLD","MAINE",564535,"WOOD OR PELLETS",43784,7.8
"NORTHEAST","COLD","MAINE",564535,"OTHER",0,0
"SOUTH","MIXED-HUMID","MARYLAND",2281335,"DO NOT USE HEATER",43185,1.9
"SOUTH","MIXED-HUMID","MARYLAND",2281335,"NATURAL GAS",1108123,48.6
"SOUTH","MIXED-HUMID","MARYLAND",2281335,"PROPANE",14733,0.7
"SOUTH","MIXED-HUMID","MARYLAND",2281335,"FUEL OIL",151461,6.6
"SOUTH","MIXED-HUMID","MARYLAND",2281335,"ELECTRICITY",945503,41.5
"SOUTH","MIXED-HUMID","MARYLAND",2281335,"WOOD OR PELLETS",18330,0.8
"SOUTH","MIXED-HUMID","MARYLAND",2281335,"OTHER",0,0
"NORTHEAST","COLD","MASSACHUSETTS",2713778,"DO NOT USE HEATER",10323,0.4
"NORTHEAST","COLD","MASSACHUSETTS",2713778,"NATURAL GAS",1450702,53.5
"NORTHEAST","COLD","MASSACHUSETTS",2713778,"PROPANE",69498,2.6
"NORTHEAST","COLD","MASSACHUSETTS",2713778,"FUEL OIL",662489,24.4
"NORTHEAST","COLD","MASSACHUSETTS",2713778,"ELECTRICITY",469296,17.3
"NORTHEAST","COLD","MASSACHUSETTS",2713778,"WOOD OR PELLETS",51470,1.9
"NORTHEAST","COLD","MASSACHUSETTS",2713778,"OTHER",0,0
"MIDWEST","COLD","MICHIGAN",3918917,"DO NOT USE HEATER",0,0
"MIDWEST","COLD","MICHIGAN",3918917,"NATURAL GAS",3008779,76.8
"MIDWEST","COLD","MICHIGAN",3918917,"PROPANE",333158,8.5
"MIDWEST","COLD","MICHIGAN",3918917,"FUEL OIL",78963,2
"MIDWEST","COLD","MICHIGAN",3918917,"ELECTRICITY",378025,9.7
"MIDWEST","COLD","MICHIGAN",3918917,"WOOD OR PELLETS",119993,3.1
"MIDWEST","COLD","MICHIGAN",3918917,"OTHER",0,0
"MIDWEST","VERY-COLD","MINNESOTA",2229783,"DO NOT USE HEATER",0,0
"MIDWEST","VERY-COLD","MINNESOTA",2229783,"NATURAL GAS",1517719,68.1
"MIDWEST","VERY-COLD","MINNESOTA",2229783,"PROPANE",323706,14.5
"MIDWEST","VERY-COLD","MINNESOTA",2229783,"FUEL OIL",28106,1.3
"MIDWEST","VERY-COLD","MINNESOTA",2229783,"ELECTRICITY",316778,14.2
"MIDWEST","VERY-COLD","MINNESOTA",2229783,"WOOD OR PELLETS",43475,2
"MIDWEST","VERY-COLD","MINNESOTA",2229783,"OTHER",0,0
"SOUTH","MIXED-HUMID","MISSISSIPPI",1084534,"DO NOT USE HEATER",4746,0.4
"SOUTH","MIXED-HUMID","MISSISSIPPI",1084534,"NATURAL GAS",343797,31.7
"SOUTH","MIXED-HUMID","MISSISSIPPI",1084534,"PROPANE",113874,10.5
"SOUTH","MIXED-HUMID","MISSISSIPPI",1084534,"FUEL OIL",6673,0.6
"SOUTH","MIXED-HUMID","MISSISSIPPI",1084534,"ELECTRICITY",607433,56
"SOUTH","MIXED-HUMID","MISSISSIPPI",1084534,"WOOD OR PELLETS",8011,0.7
"SOUTH","MIXED-HUMID","MISSISSIPPI",1084534,"OTHER",0,0
"MIDWEST","MIXED-HUMID","MISSOURI",2429813,"DO NOT USE HEATER",15343,0.6
"MIDWEST","MIXED-HUMID","MISSOURI",2429813,"NATURAL GAS",1438212,59.2
"MIDWEST","MIXED-HUMID","MISSOURI",2429813,"PROPANE",160653,6.6
"MIDWEST","MIXED-HUMID","MISSOURI",2429813,"FUEL OIL",0,0
"MIDWEST","MIXED-HUMID","MISSOURI",2429813,"ELECTRICITY",754239,31
"MIDWEST","MIXED-HUMID","MISSOURI",2429813,"WOOD OR PELLETS",61365,2.5
"MIDWEST","MIXED-HUMID","MISSOURI",2429813,"OTHER",0,0
"WEST","COLD","MONTANA",433329,"DO NOT USE HEATER",0,0
"WEST","COLD","MONTANA",433329,"NATURAL GAS",254459,58.7
"WEST","COLD","MONTANA",433329,"PROPANE",37532,8.7
"WEST","COLD","MONTANA",433329,"FUEL OIL",4652,1.1
"WEST","COLD","MONTANA",433329,"ELECTRICITY",105173,24.3
"WEST","COLD","MONTANA",433329,"WOOD OR PELLETS",31513,7.3
"WEST","COLD","MONTANA",433329,"OTHER",0,0
"MIDWEST","COLD","NEBRASKA",765201,"DO NOT USE HEATER",5010,0.7
"MIDWEST","COLD","NEBRASKA",765201,"NATURAL GAS",530057,69.3
"MIDWEST","COLD","NEBRASKA",765201,"PROPANE",27713,3.6
"MIDWEST","COLD","NEBRASKA",765201,"FUEL OIL",0,0
"MIDWEST","COLD","NEBRASKA",765201,"ELECTRICITY",186741,24.4
"MIDWEST","COLD","NEBRASKA",765201,"WOOD OR PELLETS",15679,2
"MIDWEST","COLD","NEBRASKA",765201,"OTHER",0,0
"WEST","HOT-DRY","NEVADA",1139409,"DO NOT USE HEATER",38112,3.3
"WEST","HOT-DRY","NEVADA",1139409,"NATURAL GAS",780480,68.5
"WEST","HOT-DRY","NEVADA",1139409,"PROPANE",42539,3.7
"WEST","HOT-DRY","NEVADA",1139409,"FUEL OIL",0,0
"WEST","HOT-DRY","NEVADA",1139409,"ELECTRICITY",264975,23.3
"WEST","HOT-DRY","NEVADA",1139409,"WOOD OR PELLETS",13303,1.2
"WEST","HOT-DRY","NEVADA",1139409,"OTHER",0,0
"NORTHEAST","COLD","NEW HAMPSHIRE",538443,"DO NOT USE HEATER",0,0
"NORTHEAST","COLD","NEW HAMPSHIRE",538443,"NATURAL GAS",153136,28.4
"NORTHEAST","COLD","NEW HAMPSHIRE",538443,"PROPANE",79517,14.8
"NORTHEAST","COLD","NEW HAMPSHIRE",538443,"FUEL OIL",215720,40.1
"NORTHEAST","COLD","NEW HAMPSHIRE",538443,"ELECTRICITY",47107,8.8
"NORTHEAST","COLD","NEW HAMPSHIRE",538443,"WOOD OR PELLETS",42963,8
"NORTHEAST","COLD","NEW HAMPSHIRE",538443,"OTHER",0,0
"NORTHEAST","MIXED-HUMID","NEW JERSEY",3393983,"DO NOT USE HEATER",16980,0.5
"NORTHEAST","MIXED-HUMID","NEW JERSEY",3393983,"NATURAL GAS",2550070,75.1
"NORTHEAST","MIXED-HUMID","NEW JERSEY",3393983,"PROPANE",36293,1.1
"NORTHEAST","MIXED-HUMID","NEW JERSEY",3393983,"FUEL OIL",229638,6.8
"NORTHEAST","MIXED-HUMID","NEW JERSEY",3393983,"ELECTRICITY",547561,16.1
"NORTHEAST","MIXED-HUMID","NEW JERSEY",3393983,"WOOD OR PELLETS",13443,0.4
"NORTHEAST","MIXED-HUMID","NEW JERSEY",3393983,"OTHER",0,0
"WEST","MIXED-DRY","NEW MEXICO",787053,"DO NOT USE HEATER",0,0
"WEST","MIXED-DRY","NEW MEXICO",787053,"NATURAL GAS",596904,75.8
"WEST","MIXED-DRY","NEW MEXICO",787053,"PROPANE",38517,4.9
"WEST","MIXED-DRY","NEW MEXICO",787053,"FUEL OIL",0,0
"WEST","MIXED-DRY","NEW MEXICO",787053,"ELECTRICITY",103486,13.2
"WEST","MIXED-DRY","NEW MEXICO",787053,"WOOD OR PELLETS",48146,6.1
"WEST","MIXED-DRY","NEW MEXICO",787053,"OTHER",0,0
"NORTHEAST","COLD","NEW YORK",7521120,"DO NOT USE HEATER",82412,1.1
"NORTHEAST","COLD","NEW YORK",7521120,"NATURAL GAS",4570083,60.8
"NORTHEAST","COLD","NEW YORK",7521120,"PROPANE",316821,4.2
"NORTHEAST","COLD","NEW YORK",7521120,"FUEL OIL",1247299,16.6
"NORTHEAST","COLD","NEW YORK",7521120,"ELECTRICITY",1193835,15.9
"NORTHEAST","COLD","NEW YORK",7521120,"WOOD OR PELLETS",84719,1.1
"NORTHEAST","COLD","NEW YORK",7521120,"OTHER",25951,0.3
"SOUTH","MIXED-HUMID","NORTH CAROLINA",4012739,"DO NOT USE HEATER",42605,1.1
"SOUTH","MIXED-HUMID","NORTH CAROLINA",4012739,"NATURAL GAS",1161367,28.9
"SOUTH","MIXED-HUMID","NORTH CAROLINA",4012739,"PROPANE",162719,4.1
"SOUTH","MIXED-HUMID","NORTH CAROLINA",4012739,"FUEL OIL",73796,1.8
"SOUTH","MIXED-HUMID","NORTH CAROLINA",4012739,"ELECTRICITY",2504309,62.4
"SOUTH","MIXED-HUMID","NORTH CAROLINA",4012739,"WOOD OR PELLETS",67942,1.7
"SOUTH","MIXED-HUMID","NORTH CAROLINA",4012739,"OTHER",0,0
"MIDWEST","VERY-COLD","NORTH DAKOTA",315573,"DO NOT USE HEATER",3128,1
"MIDWEST","VERY-COLD","NORTH DAKOTA",315573,"NATURAL GAS",144306,45.7
"MIDWEST","VERY-COLD","NORTH DAKOTA",315573,"PROPANE",46850,14.8
"MIDWEST","VERY-COLD","NORTH DAKOTA",315573,"FUEL OIL",11357,3.6
"MIDWEST","VERY-COLD","NORTH DAKOTA",315573,"ELECTRICITY",106973,33.9
"MIDWEST","VERY-COLD","NORTH DAKOTA",315573,"WOOD OR PELLETS",2016,0.6
"MIDWEST","VERY-COLD","NORTH DAKOTA",315573,"OTHER",944,0.3
"MIDWEST","COLD","OHIO",4739001,"DO NOT USE HEATER",23565,0.5
"MIDWEST","COLD","OHIO",4739001,"NATURAL GAS",3033454,64
"MIDWEST","COLD","OHIO",4739001,"PROPANE",341894,7.2
"MIDWEST","COLD","OHIO",4739001,"FUEL OIL",118830,2.5
"MIDWEST","COLD","OHIO",4739001,"ELECTRICITY",1111155,23.4
"MIDWEST","COLD","OHIO",4739001,"WOOD OR PELLETS",110104,2.3
"MIDWEST","COLD","OHIO",4739001,"OTHER",0,0
"SOUTH","MIXED-HUMID","OKLAHOMA",1492833,"DO NOT USE HEATER",48919,3.3
"SOUTH","MIXED-HUMID","OKLAHOMA",1492833,"NATURAL GAS",774606,51.9
"SOUTH","MIXED-HUMID","OKLAHOMA",1492833,"PROPANE",52900,3.5
"SOUTH","MIXED-HUMID","OKLAHOMA",1492833,"FUEL OIL",0,0
"SOUTH","MIXED-HUMID","OKLAHOMA",1492833,"ELECTRICITY",578479,38.8
"SOUTH","MIXED-HUMID","OKLAHOMA",1492833,"WOOD OR PELLETS",37928,2.5
"SOUTH","MIXED-HUMID","OKLAHOMA",1492833,"OTHER",0,0
"WEST","MARINE","OREGON",1654154,"DO NOT USE HEATER",26626,1.6
"WEST","MARINE","OREGON",1654154,"NATURAL GAS",684721,41.4
"WEST","MARINE","OREGON",1654154,"PROPANE",32032,1.9
"WEST","MARINE","OREGON",1654154,"FUEL OIL",26429,1.6
"WEST","MARINE","OREGON",1654154,"ELECTRICITY",742405,44.9
"WEST","MARINE","OREGON",1654154,"WOOD OR PELLETS",141942,8.6
"WEST","MARINE","OREGON",1654154,"OTHER",0,0
"NORTHEAST","COLD","PENNSYLVANIA",5128400,"DO NOT USE HEATER",7903,0.1
"NORTHEAST","COLD","PENNSYLVANIA",5128400,"NATURAL GAS",2643107,51.5
"NORTHEAST","COLD","PENNSYLVANIA",5128400,"PROPANE",291269,5.7
"NORTHEAST","COLD","PENNSYLVANIA",5128400,"FUEL OIL",646916,12.6
"NORTHEAST","COLD","PENNSYLVANIA",5128400,"ELECTRICITY",1341690,26.2
"NORTHEAST","COLD","PENNSYLVANIA",5128400,"WOOD OR PELLETS",174607,3.4
"NORTHEAST","COLD","PENNSYLVANIA",5128400,"OTHER",22908,0.4
"NORTHEAST","COLD","RHODE ISLAND",418689,"DO NOT USE HEATER",1918,0.5
"NORTHEAST","COLD","RHODE ISLAND",418689,"NATURAL GAS",220615,52.7
"NORTHEAST","COLD","RHODE ISLAND",418689,"PROPANE",6153,1.5
"NORTHEAST","COLD","RHODE ISLAND",418689,"FUEL OIL",129692,31
"NORTHEAST","COLD","RHODE ISLAND",418689,"ELECTRICITY",53228,12.7
"NORTHEAST","COLD","RHODE ISLAND",418689,"WOOD OR PELLETS",7083,1.7
"NORTHEAST","COLD","RHODE ISLAND",418689,"OTHER",0,0
"SOUTH","MIXED-HUMID","SOUTH CAROLINA",1970536,"DO NOT USE HEATER",37760,1.9
"SOUTH","MIXED-HUMID","SOUTH CAROLINA",1970536,"NATURAL GAS",544550,27.6
"SOUTH","MIXED-HUMID","SOUTH CAROLINA",1970536,"PROPANE",100542,5.1
"SOUTH","MIXED-HUMID","SOUTH CAROLINA",1970536,"FUEL OIL",5779,0.3
"SOUTH","MIXED-HUMID","SOUTH CAROLINA",1970536,"ELECTRICITY",1263726,64.1
"SOUTH","MIXED-HUMID","SOUTH CAROLINA",1970536,"WOOD OR PELLETS",18180,0.9
"SOUTH","MIXED-HUMID","SOUTH CAROLINA",1970536,"OTHER",0,0
"MIDWEST","COLD","SOUTH DAKOTA",346425,"DO NOT USE HEATER",6969,2
"MIDWEST","COLD","SOUTH DAKOTA",346425,"NATURAL GAS",199455,57.6
"MIDWEST","COLD","SOUTH DAKOTA",346425,"PROPANE",47174,13.6
"MIDWEST","COLD","SOUTH DAKOTA",346425,"FUEL OIL",4230,1.2
"MIDWEST","COLD","SOUTH DAKOTA",346425,"ELECTRICITY",85027,24.5
"MIDWEST","COLD","SOUTH DAKOTA",346425,"WOOD OR PELLETS",3570,1
"MIDWEST","COLD","SOUTH DAKOTA",346425,"OTHER",0,0
"SOUTH","MIXED-HUMID","TENNESSEE",2657514,"DO NOT USE HEATER",14720,0.6
"SOUTH","MIXED-HUMID","TENNESSEE",2657514,"NATURAL GAS",920889,34.6
"SOUTH","MIXED-HUMID","TENNESSEE",2657514,"PROPANE",81986,3.1
"SOUTH","MIXED-HUMID","TENNESSEE",2657514,"FUEL OIL",9150,0.3
"SOUTH","MIXED-HUMID","TENNESSEE",2657514,"ELECTRICITY",1606685,60.5
"SOUTH","MIXED-HUMID","TENNESSEE",2657514,"WOOD OR PELLETS",24084,0.9
"SOUTH","MIXED-HUMID","TENNESSEE",2657514,"OTHER",0,0
"SOUTH","HOT-HUMID","TEXAS",10255403,"DO NOT USE HEATER",438486,4.3
"SOUTH","HOT-HUMID","TEXAS",10255403,"NATURAL GAS",4280518,41.7
"SOUTH","HOT-HUMID","TEXAS",10255403,"PROPANE",227929,2.2
"SOUTH","HOT-HUMID","TEXAS",10255403,"FUEL OIL",0,0
"SOUTH","HOT-HUMID","TEXAS",10255403,"ELECTRICITY",5269923,51.4
"SOUTH","HOT-HUMID","TEXAS",10255403,"WOOD OR PELLETS",38547,0.4
"SOUTH","HOT-HUMID","TEXAS",10255403,"OTHER",0,0
"WEST","COLD","UTAH",1039997,"DO NOT USE HEATER",0,0
"WEST","COLD","UTAH",1039997,"NATURAL GAS",898647,86.4
"WEST","COLD","UTAH",1039997,"PROPANE",7724,0.7
"WEST","COLD","UTAH",1039997,"FUEL OIL",0,0
"WEST","COLD","UTAH",1039997,"ELECTRICITY",133625,12.8
"WEST","COLD","UTAH",1039997,"WOOD OR PELLETS",0,0
"WEST","COLD","UTAH",1039997,"OTHER",0,0
"NORTHEAST","COLD","VERMONT",258824,"DO NOT USE HEATER",1833,0.7
"NORTHEAST","COLD","VERMONT",258824,"NATURAL GAS",54853,21.2
"NORTHEAST","COLD","VERMONT",258824,"PROPANE",34804,13.4
"NORTHEAST","COLD","VERMONT",258824,"FUEL OIL",119327,46.1
"NORTHEAST","COLD","VERMONT",258824,"ELECTRICITY",16602,6.4
"NORTHEAST","COLD","VERMONT",258824,"WOOD OR PELLETS",31404,12.1
"NORTHEAST","COLD","VERMONT",258824,"OTHER",0,0
"SOUTH","MIXED-HUMID","VIRGINIA",3242014,"DO NOT USE HEATER",7525,0.2
"SOUTH","MIXED-HUMID","VIRGINIA",3242014,"NATURAL GAS",1181500,36.4
"SOUTH","MIXED-HUMID","VIRGINIA",3242014,"PROPANE",147050,4.5
"SOUTH","MIXED-HUMID","VIRGINIA",3242014,"FUEL OIL",140909,4.3
"SOUTH","MIXED-HUMID","VIRGINIA",3242014,"ELECTRICITY",1627404,50.2
"SOUTH","MIXED-HUMID","VIRGINIA",3242014,"WOOD OR PELLETS",137626,4.2
"SOUTH","MIXED-HUMID","VIRGINIA",3242014,"OTHER",0,0
"WEST","COLD","WASHINGTON",2939032,"DO NOT USE HEATER",69979,2.4
"WEST","COLD","WASHINGTON",2939032,"NATURAL GAS",1085612,36.9
"WEST","COLD","WASHINGTON",2939032,"PROPANE",55695,1.9
"WEST","COLD","WASHINGTON",2939032,"FUEL OIL",5687,0.2
"WEST","COLD","WASHINGTON",2939032,"ELECTRICITY",1629942,55.5
"WEST","COLD","WASHINGTON",2939032,"WOOD OR PELLETS",92118,3.1
"WEST","COLD","WASHINGTON",2939032,"OTHER",0,0
"SOUTH","COLD","WEST VIRGINIA",696161,"DO NOT USE HEATER",3936,0.6
"SOUTH","COLD","WEST VIRGINIA",696161,"NATURAL GAS",301583,43.3
"SOUTH","COLD","WEST VIRGINIA",696161,"PROPANE",28022,4
"SOUTH","COLD","WEST VIRGINIA",696161,"FUEL OIL",18190,2.6
"SOUTH","COLD","WEST VIRGINIA",696161,"ELECTRICITY",310777,44.6
"SOUTH","COLD","WEST VIRGINIA",696161,"WOOD OR PELLETS",33653,4.8
"SOUTH","COLD","WEST VIRGINIA",696161,"OTHER",0,0
"MIDWEST","COLD","WISCONSIN",2388876,"DO NOT USE HEATER",15760,0.7
"MIDWEST","COLD","WISCONSIN",2388876,"NATURAL GAS",1705772,71.4
"MIDWEST","COLD","WISCONSIN",2388876,"PROPANE",240096,10.1
"MIDWEST","COLD","WISCONSIN",2388876,"FUEL OIL",29747,1.2
"MIDWEST","COLD","WISCONSIN",2388876,"ELECTRICITY",332123,13.9
"MIDWEST","COLD","WISCONSIN",2388876,"WOOD OR PELLETS",65378,2.7
"MIDWEST","COLD","WISCONSIN",2388876,"OTHER",0,0
"WEST","COLD","WYOMING",226146,"DO NOT USE HEATER",0,0
"WEST","COLD","WYOMING",226146,"NATURAL GAS",159532,70.5
"WEST","COLD","WYOMING",226146,"PROPANE",18198,8.1
"WEST","COLD","WYOMING",226146,"FUEL OIL",0,0
"WEST","COLD","WYOMING",226146,"ELECTRICITY",40122,17.7
"WEST","COLD","WYOMING",226146,"WOOD OR PELLETS",8295,3.7
"WEST","COLD","WYOMING",226146,"OTHER",0,0
